{"train/loss":0.5595003962516785,"_wandb":{"runtime":59},"_timestamp":1.7478651780820048e+09,"_runtime":59.590406349,"_step":157}