{"train/loss":0.7029817700386047,"_timestamp":1.7479092975280063e+09,"_runtime":1.961987073,"_wandb":{"runtime":1},"_step":9}