{"stats/steps_per_second":2.736234789264849,"_wandb":{"runtime":155},"train/loss":0.9151686429977417,"_timestamp":1.7478655641310425e+09,"_runtime":155.04396377,"_step":418}