{"_step":437,"stats/steps_per_second":3.338827002277278,"_wandb":{"runtime":132},"train/loss":1.2786130905151367,"_timestamp":1.747596339018155e+09,"_runtime":132.854671018}