{"_runtime":17.916327779,"_step":6,"avg/train/loss":1.2596031427383423,"global_step":6,"_wandb":{"runtime":17},"checkpoint/best_val_loss":1.110272765159607,"train/loss":1.647962212562561,"avg/val/loss":1.110272765159607,"test/avg/loss":1.1076970100402832,"_timestamp":1.7484431896945662e+09}