{"_runtime":9.610019617,"_step":10,"train/loss":0.8452542424201965,"test/avg/loss":1.0007460117340088,"global_step":10,"_wandb":{"runtime":9},"_timestamp":1.746780660265195e+09}