{"_timestamp":1.7479084058528914e+09,"_runtime":25.660612224,"_step":89,"_wandb":{"runtime":25},"train/loss":0.850208044052124}