{
  "equi_smaller_rad": {
    "0": {
      "15.0": {
        "x": 0.09624839574098587,
        "y": 0.09654007852077484,
        "z": 0.09637494385242462
      },
      "45.0": {
        "x": 0.12691080570220947,
        "y": 0.12688693404197693,
        "z": 0.12616156041622162
      },
      "90.0": {
        "x": 0.011336215771734715,
        "y": 0.01132996566593647,
        "z": 0.011352557688951492
      },
      "160.0": {
        "x": 0.10881149023771286,
        "y": 0.10913360863924026,
        "z": 0.10887841880321503
      }
    },
    "1": {
      "15.0": {
        "x": 0.18414819240570068,
        "y": 0.18383008241653442,
        "z": 0.18423716723918915
      },
      "45.0": {
        "x": 0.25506752729415894,
        "y": 0.25414758920669556,
        "z": 0.25379320979118347
      },
      "90.0": {
        "x": 0.04496544227004051,
        "y": 0.04500316083431244,
        "z": 0.044949863106012344
      },
      "160.0": {
        "x": 0.20717637240886688,
        "y": 0.20732975006103516,
        "z": 0.20694321393966675
      }
    },
    "2": {
      "15.0": {
        "x": 0.10541234910488129,
        "y": 0.10536013543605804,
        "z": 0.1052621528506279
      },
      "45.0": {
        "x": 0.1453910917043686,
        "y": 0.1455356329679489,
        "z": 0.14494794607162476
      },
      "90.0": {
        "x": 0.04398081824183464,
        "y": 0.0440506637096405,
        "z": 0.04407588765025139
      },
      "160.0": {
        "x": 0.1302858591079712,
        "y": 0.13005906343460083,
        "z": 0.12994156777858734
      }
    }
  },
  "equi_smaller_rad_90r": {
    "0": {
      "15.0": {
        "x": 0.1133803054690361,
        "y": 0.11312117427587509,
        "z": 0.1135939434170723
      },
      "45.0": {
        "x": 0.15508286654949188,
        "y": 0.1545330286026001,
        "z": 0.15455015003681183
      },
      "90.0": {
        "x": 0.021490003913640976,
        "y": 0.021842675283551216,
        "z": 0.021580100059509277
      },
      "160.0": {
        "x": 0.12640449404716492,
        "y": 0.1267349123954773,
        "z": 0.12680348753929138
      }
    },
    "1": {
      "15.0": {
        "x": 0.12589620053768158,
        "y": 0.12602759897708893,
        "z": 0.1257537305355072
      },
      "45.0": {
        "x": 0.19141815602779388,
        "y": 0.19104458391666412,
        "z": 0.19102919101715088
      },
      "90.0": {
        "x": 0.024571089074015617,
        "y": 0.02493683248758316,
        "z": 0.02477356418967247
      },
      "160.0": {
        "x": 0.1420162320137024,
        "y": 0.14234185218811035,
        "z": 0.14214210212230682
      }
    },
    "2": {
      "15.0": {
        "x": 0.10348391532897949,
        "y": 0.10348919034004211,
        "z": 0.10356876999139786
      },
      "45.0": {
        "x": 0.14787393808364868,
        "y": 0.14754179120063782,
        "z": 0.14743955433368683
      },
      "90.0": {
        "x": 0.06210361048579216,
        "y": 0.06255031377077103,
        "z": 0.06223354488611221
      },
      "160.0": {
        "x": 0.14380855858325958,
        "y": 0.14387166500091553,
        "z": 0.14364509284496307
      }
    }
  }
}