{
  "MPNN_RotatingTree": {
    "0": {
      "15.0": {
        "x": 0.5106366872787476,
        "y": 0.5113415122032166,
        "z": 0.517760157585144
      },
      "45.0": {
        "x": 1.0535759925842285,
        "y": 1.0835167169570923,
        "z": 1.0446832180023193
      },
      "90.0": {
        "x": 1.030359148979187,
        "y": 1.0329395532608032,
        "z": 1.0334206819534302
      },
      "160.0": {
        "x": 1.5174622535705566,
        "y": 1.534574031829834,
        "z": 1.529197096824646
      }
    },
    "1": {
      "15.0": {
        "x": 0.486069917678833,
        "y": 0.4903586804866791,
        "z": 0.4910367429256439
      },
      "45.0": {
        "x": 0.9759950637817383,
        "y": 0.993621826171875,
        "z": 0.9801677465438843
      },
      "90.0": {
        "x": 1.0071561336517334,
        "y": 1.0114389657974243,
        "z": 1.006067156791687
      },
      "160.0": {
        "x": 1.469268798828125,
        "y": 1.4798768758773804,
        "z": 1.4734406471252441
      }
    },
    "2": {
      "15.0": {
        "x": 0.5070726871490479,
        "y": 0.4990866184234619,
        "z": 0.504789412021637
      },
      "45.0": {
        "x": 1.0389260053634644,
        "y": 1.0100889205932617,
        "z": 1.0718985795974731
      },
      "90.0": {
        "x": 1.0278491973876953,
        "y": 1.02866792678833,
        "z": 1.0279077291488647
      },
      "160.0": {
        "x": 1.5061062574386597,
        "y": 1.5036135911941528,
        "z": 1.5132640600204468
      }
    }
  }
}