{ "MPNN_RotatingTree": {
    "0": {
      "15.0": {
        "x": 0.5106366872787476,
        "y": 0.5113415122032166,
        "z": 0.517760157585144
      },
      "45.0": {
        "x": 1.0535759925842285,
        "y": 1.0835167169570923,
        "z": 1.0446832180023193
      },
      "90.0": {
        "x": 1.030359148979187,
        "y": 1.0329395532608032,
        "z": 1.0334206819534302
      },
      "160.0": {
        "x": 1.5174622535705566,
        "y": 1.534574031829834,
        "z": 1.529197096824646
      }
    },
    "1": {
      "15.0": {
        "x": 0.486069917678833,
        "y": 0.4903586804866791,
        "z": 0.4910367429256439
      },
      "45.0": {
        "x": 0.9759950637817383,
        "y": 0.993621826171875,
        "z": 0.9801677465438843
      },
      "90.0": {
        "x": 1.0071561336517334,
        "y": 1.0114389657974243,
        "z": 1.006067156791687
      },
      "160.0": {
        "x": 1.469268798828125,
        "y": 1.4798768758773804,
        "z": 1.4734406471252441
      }
    },
    "2": {
      "15.0": {
        "x": 0.5070726871490479,
        "y": 0.4990866184234619,
        "z": 0.504789412021637
      },
      "45.0": {
        "x": 1.0389260053634644,
        "y": 1.0100889205932617,
        "z": 1.0718985795974731
      },
      "90.0": {
        "x": 1.0278491973876953,
        "y": 1.02866792678833,
        "z": 1.0279077291488647
      },
      "160.0": {
        "x": 1.5061062574386597,
        "y": 1.5036135911941528,
        "z": 1.5132640600204468
      }
    }
  },
  "InvMPNN_RotatingTree": {
    "0": {
      "15.0": {
        "x": 0.5926414132118225,
        "y": 0.5925829410552979,
        "z": 0.5896236300468445
      },
      "45.0": {
        "x": 1.1123528480529785,
        "y": 1.1002414226531982,
        "z": 1.1037137508392334
      },
      "90.0": {
        "x": 1.0074836015701294,
        "y": 1.0067474842071533,
        "z": 1.0051913261413574
      },
      "160.0": {
        "x": 1.5288528203964233,
        "y": 1.5234042406082153,
        "z": 1.5156652927398682
      }
    },
    "1": {
      "15.0": {
        "x": 0.6056423187255859,
        "y": 0.5960142016410828,
        "z": 0.5900178551673889
      },
      "45.0": {
        "x": 1.1419501304626465,
        "y": 1.1550778150558472,
        "z": 1.1168029308319092
      },
      "90.0": {
        "x": 1.017534852027893,
        "y": 1.0204089879989624,
        "z": 1.0191841125488281
      },
      "160.0": {
        "x": 1.550702452659607,
        "y": 1.5492608547210693,
        "z": 1.5334497690200806
      }
    },
    "2": {
      "15.0": {
        "x": 0.6268319487571716,
        "y": 0.6487952470779419,
        "z": 0.6087836027145386
      },
      "45.0": {
        "x": 1.245651125907898,
        "y": 1.3184181451797485,
        "z": 1.2282971143722534
      },
      "90.0": {
        "x": 1.0219799280166626,
        "y": 1.0239694118499756,
        "z": 1.0205161571502686
      },
      "160.0": {
        "x": 1.5795552730560303,
        "y": 1.5910581350326538,
        "z": 1.552176833152771
      }
    }
  },
  "inv_eq9": {
    "0": {
      "15.0": {
        "x": 0.7962966561317444,
        "y": 0.7250952124595642,
        "z": 0.7988873720169067
      },
      "45.0": {
        "x": 1.319716215133667,
        "y": 1.0865814685821533,
        "z": 1.3243521451950073
      },
      "90.0": {
        "x": 0.8800108432769775,
        "y": 0.8645601272583008,
        "z": 0.8798891305923462
      },
      "160.0": {
        "x": 1.339830756187439,
        "y": 1.2358345985412598,
        "z": 1.3393210172653198
      }
    },
    "1": {
      "15.0": {
        "x": 0.6360982060432434,
        "y": 0.5829533338546753,
        "z": 0.611982524394989
      },
      "45.0": {
        "x": 1.2044942378997803,
        "y": 1.0623351335525513,
        "z": 1.0883328914642334
      },
      "90.0": {
        "x": 1.001877784729004,
        "y": 0.989140510559082,
        "z": 0.9866238236427307
      },
      "160.0": {
        "x": 1.539785623550415,
        "y": 1.4709466695785522,
        "z": 1.4807331562042236
      }
    },
    "2": {
      "15.0": {
        "x": 0.6043221354484558,
        "y": 0.6333646774291992,
        "z": 0.6238648295402527
      },
      "45.0": {
        "x": 1.0887060165405273,
        "y": 1.138146996498108,
        "z": 1.0997251272201538
      },
      "90.0": {
        "x": 1.0124332904815674,
        "y": 1.016337513923645,
        "z": 1.0158514976501465
      },
      "160.0": {
        "x": 1.5113571882247925,
        "y": 1.5365170240402222,
        "z": 1.5248922109603882
      }
    }
  },
  "inv_eq9_eq12": {
    "0": {
      "15.0": {
        "x": 0.6532784700393677,
        "y": 0.6617985963821411,
        "z": 0.6430689692497253
      },
      "45.0": {
        "x": 1.3394136428833008,
        "y": 1.4316661357879639,
        "z": 1.3771216869354248
      },
      "90.0": {
        "x": 1.0187373161315918,
        "y": 1.0199991464614868,
        "z": 1.0185296535491943
      },
      "160.0": {
        "x": 1.5988132953643799,
        "y": 1.6158140897750854,
        "z": 1.6034917831420898
      }
    },
    "1": {
      "15.0": {
        "x": 0.6316498517990112,
        "y": 0.6344140768051147,
        "z": 0.679499089717865
      },
      "45.0": {
        "x": 1.2554731369018555,
        "y": 1.2963018417358398,
        "z": 1.3648320436477661
      },
      "90.0": {
        "x": 1.0238381624221802,
        "y": 1.0292025804519653,
        "z": 1.0283507108688354
      },
      "160.0": {
        "x": 1.5975812673568726,
        "y": 1.5895965099334717,
        "z": 1.6219700574874878
      }
    },
    "2": {
      "15.0": {
        "x": 0.6271699666976929,
        "y": 0.6127351522445679,
        "z": 0.6148444414138794
      },
      "45.0": {
        "x": 1.30599844455719,
        "y": 1.2737247943878174,
        "z": 1.3375496864318848
      },
      "90.0": {
        "x": 1.0023994445800781,
        "y": 1.0012319087982178,
        "z": 1.0042303800582886
      },
      "160.0": {
        "x": 1.575339913368225,
        "y": 1.5616142749786377,
        "z": 1.5734972953796387
      }
    }
  },
  "inv_eq9_eq12_eq13": {
    "0": {
      "15.0": {
        "x": 0.5816293358802795,
        "y": 0.6025140881538391,
        "z": 0.5785520076751709
      },
      "45.0": {
        "x": 1.1937516927719116,
        "y": 1.255883812904358,
        "z": 1.295771837234497
      },
      "90.0": {
        "x": 0.9872252941131592,
        "y": 0.9880574941635132,
        "z": 0.9879264235496521
      },
      "160.0": {
        "x": 1.5299127101898193,
        "y": 1.5594227313995361,
        "z": 1.5448932647705078
      }
    },
    "1": {
      "15.0": {
        "x": 0.623365044593811,
        "y": 0.6141582131385803,
        "z": 0.6133036017417908
      },
      "45.0": {
        "x": 1.1776931285858154,
        "y": 1.152555227279663,
        "z": 1.1683326959609985
      },
      "90.0": {
        "x": 1.0264171361923218,
        "y": 1.0247560739517212,
        "z": 1.0260531902313232
      },
      "160.0": {
        "x": 1.5852402448654175,
        "y": 1.5755864381790161,
        "z": 1.5882190465927124
      }
    },
    "2": {
      "15.0": {
        "x": 0.6383377909660339,
        "y": 0.6393407583236694,
        "z": 0.6011942625045776
      },
      "45.0": {
        "x": 1.19375741481781,
        "y": 1.1811407804489136,
        "z": 1.1167311668395996
      },
      "90.0": {
        "x": 1.0470956563949585,
        "y": 1.0481470823287964,
        "z": 1.0474519729614258
      },
      "160.0": {
        "x": 1.6205705404281616,
        "y": 1.6105409860610962,
        "z": 1.5835986137390137
      }
    }
  }
}