{"_timestamp":1.7478312420205824e+09,"_runtime":49.981438534,"_step":176,"_wandb":{"runtime":49},"train/loss":1.4192533493041992}