{"_runtime":75.877391741,"_step":277,"_wandb":{"runtime":75},"train/loss":1.9557567834854126,"_timestamp":1.747831162225073e+09}