{"train/loss":1.0640158653259277,"_timestamp":1.7480815025040016e+09,"_runtime":44.651504619,"_step":158,"_wandb":{"runtime":44}}