{"_timestamp":1.7474294753018415e+09,"_runtime":38.892723477,"_step":85,"train/loss":0.9117278456687927,"_wandb":{"runtime":38}}