{"train/loss":0.7431437373161316,"_timestamp":1.7483839301857646e+09,"_runtime":4.47012421,"_step":0,"_wandb":{"runtime":4}}