{"_step":0,"test/avg/loss":0.9868825674057007,"global_step":0,"_wandb":{"runtime":4},"_timestamp":1.747909479102318e+09,"_runtime":4.963432644}