{"_wandb":{"runtime":33},"train/loss":1.2838947772979736,"_timestamp":1.7478656432704792e+09,"_runtime":33.795218762,"_step":86}