{"_timestamp":1.7479083535034995e+09,"_runtime":8.159817701,"_step":13,"train/loss":0.8623074889183044,"_wandb":{"runtime":8}}