{"_step":0,"_wandb":{"runtime":2},"train/loss":1.5644398927688599,"_timestamp":1.7479092593094976e+09,"_runtime":2.126063865}