{"_step":9,"global_step":9,"_wandb":{"runtime":58},"train/loss":0.9557802677154541,"avg/train/loss":1.1926971673965454,"_timestamp":1.7483841182583604e+09,"_runtime":58.810841752,"checkpoint/best_val_loss":1.1724021434783936,"avg/val/loss":1.1724021434783936}