{"_timestamp":1.7475951736944575e+09,"_runtime":73.755909331,"_step":135,"_wandb":{"runtime":73},"train/loss":0.6479007601737976}