{"_step":10,"train/loss":1.1261401176452637,"_wandb":{"runtime":6},"_timestamp":1.7466341031842992e+09,"_runtime":6.930391229}