{"_step":12,"_wandb":{"runtime":7},"train/loss":0.8834207653999329,"_timestamp":1.74748032771227e+09,"_runtime":7.026659757}