{"_step":20,"test/avg/loss":1.0007457733154297,"global_step":20,"_wandb":{"runtime":11},"train/loss":0.9738931059837341,"_timestamp":1.7467820883356524e+09,"_runtime":11.058098661}