{"_wandb":{"runtime":9},"train/loss":1.0998685359954834,"_timestamp":1.74678166355225e+09,"_runtime":9.729008747,"_step":10,"test/avg/loss":1.0007457733154297,"global_step":10}