{"_timestamp":1.7475950877076128e+09,"_runtime":59.752817496,"_step":133,"_wandb":{"runtime":59},"train/loss":0.7744024991989136}