{"_wandb":{"runtime":4},"train/loss":0.9913150072097778,"_timestamp":1.7476671834586911e+09,"_runtime":4.997124084,"_step":12}