{"_step":118,"_wandb":{"runtime":32},"train/loss":0.9714045524597168,"_timestamp":1.7480813756212556e+09,"_runtime":32.976641258}